{
  "prompt_v1_scores": {
    "faithfulness": 0.9486176046176047,
    "answer_relevancy": 0.9161729058194716,
    "context_recall": 1.0,
    "context_precision": 0.9416666665930835
  },
  "prompt_v2_scores": {
    "faithfulness": 0.8001527916527916,
    "answer_relevancy": 0.898938945970166,
    "context_recall": 1.0,
    "context_precision": 0.9449999999242502
  },
  "target_met": true
}